{"cameraMode":{"drawMode":0,"name":"Shaded","section":"Shading Mode"},"sceneLighting":false,"audioPlay":false,"sceneViewState":{"showFog":true,"showMaterialUpdate":false,"showSkybox":false,"showFlares":true,"showImageEffects":true,"showParticleSystems":true},"in2DMode":false,"pivot":{"x":456.2599792480469,"y":-570.7999877929688,"z":166.62998962402345},"rotation":{"x":0.05332145839929581,"y":0.9269278645515442,"z":-0.34256044030189516,"w":0.1442888081073761},"size":4.041658401489258,"orthographic":false}