{"cameraMode":{"drawMode":0,"name":"Shaded","section":"Shading Mode"},"sceneLighting":false,"audioPlay":false,"sceneViewState":{"showFog":true,"showMaterialUpdate":false,"showSkybox":false,"showFlares":true,"showImageEffects":true,"showParticleSystems":true},"in2DMode":false,"pivot":{"x":189.60000610351563,"y":1.7100000381469727,"z":551.5999755859375},"rotation":{"x":0.3091370463371277,"y":-0.6234330534934998,"z":0.29397541284561159,"w":0.6553415656089783},"size":6.78278112411499,"orthographic":false}