{"cameraMode":{"drawMode":0,"name":"Shaded","section":"Shading Mode"},"sceneLighting":false,"audioPlay":false,"sceneViewState":{"showFog":true,"showMaterialUpdate":false,"showSkybox":false,"showFlares":true,"showImageEffects":true,"showParticleSystems":true},"in2DMode":false,"pivot":{"x":706.989990234375,"y":1.100000023841858,"z":-1.309999942779541},"rotation":{"x":-0.026328573003411294,"y":0.8638269305229187,"z":-0.5010495185852051,"w":-0.04539180546998978},"size":53.05772018432617,"orthographic":false}