{"cameraMode":{"drawMode":0,"name":"Shaded","section":"Shading Mode"},"sceneLighting":false,"audioPlay":false,"sceneViewState":{"showFog":true,"showMaterialUpdate":false,"showSkybox":false,"showFlares":true,"showImageEffects":true,"showParticleSystems":true},"in2DMode":false,"pivot":{"x":1.2999998331069947,"y":2.544191837310791,"z":21.799999237060548},"rotation":{"x":-0.08857997506856919,"y":0.911366879940033,"z":-0.2789240777492523,"w":-0.28942936658859255},"size":18.521209716796876,"orthographic":false}