{"cameraMode":{"drawMode":0,"name":"Shaded","section":"Shading Mode"},"sceneLighting":false,"audioPlay":false,"sceneViewState":{"showFog":true,"showMaterialUpdate":false,"showSkybox":false,"showFlares":true,"showImageEffects":true,"showParticleSystems":true},"in2DMode":false,"pivot":{"x":248.2085723876953,"y":122.70890045166016,"z":288.91632080078127},"rotation":{"x":0.3091370463371277,"y":-0.6234330534934998,"z":0.29397541284561159,"w":0.6553415656089783},"size":1898.2554931640625,"orthographic":false}